gene	Mel202.D28A	Mel202.D28B	Mel202.D28C
ABCA3	0.604771450071001	0.687111363342106	0.386675555916332
ABCB1	0.899779530112647	0.890420901760347	0.771745308683235
ABCC3	0.612262726353808	0.491048465768499	0.514157215676115
ABCG2	0.486531187493578	0.548284428584732	0.65607225675641
ABL1	0.768505740417674	0.690255058796348	0.774749454484013
ABL2	0.246506128827848	0.358998506377256	0.38958129032051
ABT1	-1.53979005269572	-1.49175485326292	-0.700899778483943
ABTB2	0.420974221278137	0.492674328205068	0.4122445523515
ACACA	-0.195828761214744	0.336424731781945	0.273100418888601
ACACB	0.316877308372579	0.442498082804088	0.0804214565266888
ACTL6A	-0.868686990909881	-0.130693157028317	-0.0361043122979699
ACTL6B	0.106208958924461	-0.0895879293686776	0.301651432431482
ACTL7A	0.381947645846619	0.558950100758092	0.357889804463333
ADAM19	0.867617410771629	0.667805725870255	0.900889972514856
ADAP1	-0.210821026563567	0.121226439651365	-0.0437799859798277
ADAP2	0.552612092748932	0.682445870539117	0.395422345516833
ADARB1	0.685058196057545	0.63249500442122	1.12470181518831
ADARB2	0.699974754784826	0.932125198288057	0.99583700672691
ADGRG7	0.80962819121569	0.444640156276098	0.0542143158561702
ADM	0.545976685019806	0.406381936211187	0.301390625790533
ADSS	0.515260955575695	0.20148245315448	0.71665439781001
ADSSL1	0.259480976850685	0.668092614438611	0.307303638298296
AFG3L2	-2.25726933283195	-0.933665190111679	-0.641362360601342
AHCYL1	0.011445859912949	-0.303978366473835	0.127211419193755
AHCYL2	0.657614521158681	0.423316871548716	0.455902787356899
AIPL1	0.643993134550138	1.11906530440514	0.540718365307829
AKAP11	0.430674803793224	0.610686464128178	0.353674535962922
AKIRIN1	-0.103940861901674	0.339483460029213	0.322650168929541
AKIRIN2	-0.807460572459287	-0.391665873987188	-0.485816160145607
ALAS1	-0.129359071237584	0.138365123762776	0.013818139068893
ALAS2	0.774827486518577	0.468312449225615	0.549397259281763
ALDOA	-2.66636744265796	-2.15880786149691	-2.61143127467723
ALDOC	0.172698429790102	0.410618352201336	0.423819465780458
ALG14	0.364192533716204	0.34096374159237	0.188100505325755
AMELX	0.930619419407206	0.76639036691525	1.00150780539064
ANAPC4	-0.177155693664493	0.0909422186738884	0.0164758431767647
ANKRD10	0.465247006808817	0.538189074994374	0.746633437409675
ANKRD37	0.693103435307596	0.614033957655342	0.753301335847189
ANXA1	0.772201353218655	0.869309818872999	0.847327291076866
AOX1	0.563239666085671	0.678926630308815	0.397293187533139
AP1G1	0.594825589272459	0.409751530022121	0.461805779171093
AP1G2	0.478799634231608	0.606263303931348	0.201613812567519
AP2A1	-0.765269621792621	-0.442051182287589	-0.468487629728648
AP2A2	0.43808241172225	0.306675323528159	0.812458731919753
AP3M1	0.647190369164733	0.69119891624514	0.618522477474304
AP5M1	0.345557912851602	0.58245837410623	0.645698315859594
APH1A	-0.951272906266095	-0.701600879079147	-0.694302856561133
APH1B	0.440223664313962	0.76159327674213	0.404417944784267
APOBEC1	0.764381217660969	0.500698457259271	0.651519810531893
APOBEC3C	0.618340170067537	0.703663148638039	0.872905508022312
AQP8	0.891225291959393	0.705033443099805	0.92128523140691
ARFGEF1	0.18947066666757	0.653113447862157	0.772701266400834
ARFGEF2	0.344841003660891	0.624328447480996	0.551885076919924
ARFIP1	0.945343177143659	0.957478390420925	0.657614226770174
ARFIP2	0.529179687782598	0.370654148124842	0.283418473785153
ARHGEF3	0.771113874450893	0.441346756863718	0.285701214770961
ARHGEF6	0.820304195500494	0.685254627348668	0.887127476979961
ARHGEF7	0.620890033845579	0.580944487693057	0.517933687429352
ARID1A	-0.688149739702071	-0.125878494481529	-0.108293201789617
ARID1B	0.158196236044021	0.221850016182273	0.177543163320662
ARID4A	0.618263629811917	0.627673487807275	0.838962471692618
ARPC5	0.243087880360579	0.161374624530388	0.12446822609077
ARPC5L	0.369762340632342	0.578578699597493	0.377124975880575
ARSJ	0.585561208871759	0.577084615669503	0.2678448083988
ASCL1	0.553759786541028	0.522199755995025	0.322610912580797
ASF1A	0.363528312940025	0.428725730089316	0.521534066215373
ASF1B	0.114620477672445	0.35780079542059	0.167454784552851
ATAD2	0.275054181456372	0.282085831208696	0.215846225646133
ATAD2B	0.830036550570341	0.95471035206865	0.814259124246661
ATM	0.800785530248639	0.839395132786805	1.00681026335582
ATOH1	0.626116537526875	0.810866278181227	0.356384680344121
ATP5F1A	-1.4457608384969	-0.793097548765269	-0.423387919392726
ATP5F1B	-2.09374189788717	-1.77529740972024	-1.80341154227516
ATP5F1D	-1.1981344278	-0.772140666350511	-0.432997763743164
ATP5PB	0.314070114895025	0.443181715604713	0.186407312485694
ATP6V1B1	0.652747507459259	0.694762456962744	0.584241289593133
ATP6V1B2	-1.75268940061696	-1.19899837707781	-0.992939862095934
ATP6V1C1	-1.23545748237002	-0.518155864928253	-0.374198051044128
ATP6V1C2	0.529517371264486	0.581644498550925	0.600909502719638
ATP6V1D	-0.439436632396247	-0.00535974195698761	-0.105798600690946
ATP6V1E1	0.602990545514011	0.830659038163707	0.622040423705381
ATP6V1E2	0.401833401956915	0.765797331091584	0.435394943240331
ATP7A	0.601209565852304	0.817111260112679	0.580939331870012
ATP7B	0.575676554302745	0.715637912122384	0.765574530834482
ATP8B3	0.472251730350736	0.641733773617251	0.356516037344313
ATR	-0.046377862664638	-0.00347810815136236	0.157028145770362
AXL	0.844757760115141	0.883849599593599	0.738136663291356
BAP1	-0.211086226676305	-0.198020961660325	0.0297520890965747
BARHL1	0.578246305770373	0.826912210536944	0.439245054068507
BATF3	0.326016658754421	0.435872497487558	0.348602756797491
BCAP31	0.3134840772967	0.297565790841766	0.471791583997427
BECN1	0.0628527824561247	0.528041279746115	0.254908736722402
BECN2	0.568459532433595	0.808125002915065	0.455571916806758
BICD1	0.152128875471018	0.250839696904944	0.285188647639763
BICD2	0.55076339236227	0.326554022495446	0.440998257668541
BRD8	-0.0532207210689133	-0.0749616767584559	0.0276751431570701
BRSK1	0.429177762520511	0.7724609125013	0.503107924929315
BRSK2	0.976914470229171	0.560782563935955	0.795305006894868
BTBD11	0.300238116310501	0.481221892591652	0.486669483580698
BTG1	0.379816716823947	0.201028987112875	0.398207188992198
BUB1B	-0.288110709953909	-0.26647813140038	-0.486288547979116
BUB3	-3.12690852222263	-1.86335999412701	-2.64584916507963
BZW1	0.797395754207835	0.436607627040553	0.233755117752628
BZW2	0.013121530078349	-0.0401999430511959	0.0532940726659947
CAB39	0.694837776398272	0.416954364169917	0.553173582970302
CAB39L	0.693974205543046	0.891097422621639	0.223442516089789
CABP5	0.15181205598925	0.0761653157737403	0.551396061713236
CADPS	0.564226675178657	0.558552574725372	0.415971493733773
CADPS2	0.693331039875972	0.719900776699188	0.836654911384407
CALY	0.444476797050867	0.465624639550282	0.572496533739808
CAND1	0.386045837797664	0.221438577306686	0.207680553484429
CAND2	0.541001708105837	0.485708666855411	0.549190620154292
CAP1	0.336727008908661	0.314634316814166	0.582527029920765
CAP2	0.404609797049958	-0.0573814453080181	0.40985523845831
CAPN2	0.499203712858486	0.277066840042713	0.296892036016623
CASP4	0.580717980908686	0.527159153045386	0.57144564110647
CAT	0.567104797009855	0.544718894861836	0.5784831990642
CAV1	0.804124619915599	0.539018777557554	0.504037085111833
CAVIN1	0.499920180247483	0.524019450473571	0.414983151131727
CBLL1	0.759286778249804	0.481629933546887	0.658181816053245
CBLL2	0.892613014438156	0.706452890683006	0.8770296207954
CCDC69	0.537428179535269	0.641320851547162	0.608175717374006
CCND1	-2.01686407813321	-1.58398785544178	-1.62074717780734
CCND3	-0.186459432974152	-0.317517820431161	-0.0922676701727228
CCNE1	0.433056408301196	0.53049881367159	0.77402997886559
CCNE2	-0.113042367226329	0.171193799214982	0.358724735973247
CCNL1	-0.817626390136446	-0.693581054652807	-0.39045999051791
CCNL2	0.387079660026159	0.507616742084548	0.625971315365127
CCNT1	0.393978587794291	0.471813998613742	0.225186110180348
CCNT2	0.312891966325887	0.505657767015989	0.623061839072949
CCT6A	-0.809511060813638	-0.184462204089133	-0.202177113868328
CCT6B	0.570516080196206	0.528899671216628	0.506018988910855
CD163L1	0.742321427454814	0.826312398961014	0.662208157161605
CD44	0.407067888671709	0.971845521727928	0.718079432588801
CD72	0.826530185986613	0.678845376106383	0.564454601479253
CDC34	0.487697337083211	0.713394494314314	0.801802193827345
CDIPT	-1.3552911418958	-1.03915863363424	-0.831881914333466
CDK16	0.822659090207938	0.601598818129961	0.598730607778919
CDK17	0.245399397845778	0.211737384173421	0.301158162409293
CDK19	0.591679144478853	0.755445942798385	0.559611344802269
CDK2	-0.523116959862837	-0.239974260785479	-0.412171931966322
CDK5R1	0.326916499873793	0.262406130806008	0.288425451812837
CDK5R2	0.707653973945802	0.34891502313669	0.367113562231312
CDK7	-1.30300977323176	-0.754787497451203	-1.46350599644077
CDK8	-0.417527652205303	0.269525410226433	0.134447565742158
CDNF	0.481543131368578	0.920521631214497	0.506405742418645
CDS1	0.435360969834875	0.478266483984406	0.780092975634061
CDS2	-0.741454413481719	-0.265729076154178	-0.183794563099245
CEACAM1	0.687288974251594	0.884663864583412	0.762974057854062
CELA2A	0.381158612109899	0.33166538273434	0.596334278173139
CFL1	-0.561792632178694	-0.1483310057307	-0.128640892054776
CHM	0.869169305461098	0.672204147213204	0.737164412316175
CHML	0.804942747899098	0.398955406340316	0.851148174124386
CHMP1A	-0.0864299241376787	-0.0379401749749488	0.238653077898827
CHMP1B	0.588623010075986	0.376730432792053	0.59546267504951
CHORDC1	-2.60573493325542	-2.5916888158132	-2.03339620973905
CHRNB3	0.279574467532888	0.466895332316345	0.510813958772197
CHSY1	1.03409803517897	0.995926791366318	0.796167737685112
CHSY3	0.692511568880508	0.61304300665236	0.68020632040761
CHUK	0.373200201716916	0.446798668061969	0.383222935028499
CKAP5	-0.508230544802609	-0.0311188711737578	-0.407824222044025
CLASP1	0.128739847276052	-0.0204067017982753	0.138365999423105
CLASP2	0.34019543817311	0.363645467694751	0.648524268537005
CLCA1	0.878524975581562	0.598129791533193	0.714084478110367
CLDN4	0.364310865672699	0.273862936085655	0.302272757978103
CLIP4	0.682349858368216	1.03376105776772	1.03547715436415
CLNS1A	-1.9322663754349	-1.70931089273043	-1.17057078841741
CLTA	0.294483132043205	0.403091053479568	0.285586181168773
CLTB	0.325042850991019	0.3425513310138	0.591937668850521
CLTC	-1.46071908890341	-0.916482609232515	-0.426061159490361
CLTCL1	0.654235519574476	0.761889301139891	0.615229881099556
CNOT6	0.195073552921623	0.411144722100272	0.482536747904139
CNOT6L	0.505755726079711	0.77262661095089	0.836111804286393
CNOT7	-0.455837227627607	-0.0429305276447666	0.0346866854703638
CNOT8	0.673878500975659	0.540856436836408	0.702214692760256
COPA	-2.05101244558541	-1.46734393577847	-1.77881194101918
COPG1	0.339194384906613	0.366534993271752	0.164435072125571
COPG2	0.616963819576101	0.415880270927169	0.607329108763209
COPS7A	0.850018502445449	0.494698998340634	0.546000179445403
COPS7B	0.596650087383624	0.634837744808871	0.537271028982537
COPZ1	0.14692600477647	0.0989299905271059	0.0520369050229341
COPZ2	0.667094277948258	0.508134880816283	1.02193883706127
COQ10A	0.336538618748397	0.335562474390511	0.212279336572154
COQ10B	-0.372826130753445	-0.254811980476069	-0.206786693069022
COX4I1	-0.907173718662455	-0.257848837356965	-0.448386988574326
COX4I2	0.476875417214936	0.434320880441828	0.334341571841138
COX6B1	-0.56743024820509	-0.160909246733534	-0.319402900871612
COX6B2	0.60786994909753	0.431662903456229	0.466588067240079
CPS1	0.837864864168471	0.729439197654469	0.719032067796309
CPSF3	-0.560528557801082	-0.123397667910754	-0.726621396142457
CREBBP	1.94319322502861	1.67341313556168	1.48083157283071
CRK	-0.205871530674634	-0.358153728271287	-0.138821401346194
CRKL	0.422094513481834	0.490699501676497	0.535676757328572
CRNN	0.599483021300664	0.110756315189399	0.243127759200941
CRX	0.913823820772696	0.726177769003122	0.776769292234192
CRY1	-0.00852914424868758	0.55242400835193	0.382343800158081
CRY2	0.0744877532071121	0.191031673644937	0.406948646401371
CRYBB2	0.740580759646244	0.71840408339106	0.64731095245591
CSTF2	0.556722780061652	0.401382604182559	0.420038705381623
CSTF2T	0.509597317763509	0.253436965423999	0.492062820640741
CTCFL	1.15742390093421	0.571946342425985	0.807611977153553
CTNNB1	0.612406722858384	0.783131677844672	0.472350927971956
CTPS1	-0.378003196449558	-0.386531846256634	0.078134832078697
CTPS2	1.10778536796978	0.58107482896208	0.561357103642438
CTR9	-1.12803543480471	-0.926523763656558	-1.18796238698147
CTSZ	0.348713003351922	0.184485265880411	0.322014061236084
CWF19L1	0.0325624169540045	0.188846587144693	0.445852036069899
CYFIP1	0.350753478106741	0.689594878356503	0.380153557468688
CYFIP2	0.751755831968537	0.597416451639746	0.540427571661773
CYP26C1	0.601948086319406	1.11428507892034	0.353912141087046
CYP2A6	0.85947172963683	0.854528019267611	0.567871233324749
CYP2C8	0.799846514185772	0.8700376985225	0.727933401508873
CYP7A1	0.463940332590475	0.610861333857892	0.238891548870125
DBT	0.474545197033662	0.551704591990582	0.699122805056969
DCAF4L2	0.804042731235029	0.66244136743032	0.709370446450677
DCAF8L1	0.784044621701151	0.967975201609567	0.656667293813084
DDI1	0.700886584864315	0.731777146706931	0.790812060046889
DDI2	0.0313516684580936	0.283052629356922	0.150571182164643
DDX17	0.442850089488679	0.696032652219363	0.579153654693679
DDX39A	0.498041721743302	0.569714501144172	0.69297412045431
DDX39B	0.435301991727051	0.433750233638967	0.354935952803372
DDX5	-0.847806144822437	-0.366292796838315	0.0238738402438716
DEGS1	1.01612449844099	0.732328666819227	0.798620033563013
DEGS2	0.545832137328287	0.515064579670356	0.262507407500463
DENND5A	0.864764143613165	0.80577126655387	0.691187886284288
DENND5B	0.714710054279126	0.940829735201858	0.592872322730482
DGAT1	-0.0930499840057261	0.15384806089509	0.151573042200621
DGAT2L6	0.664297474858289	0.887654202771668	0.593230165149689
DGKI	0.409150562915703	0.399574537990791	0.462793977607379
DGKZ	0.164022240039061	0.153393583219737	-0.0664621403196647
DHX29	-0.288294392580729	-0.652387106388748	-0.228842908460343
DHX9	-1.47328628626749	-0.892990217726362	-0.421777461895383
DLL1	0.984265352179133	0.985701408797196	0.915435721839876
DLL4	0.730418977353933	0.368275302186359	0.591455134884829
DMD	0.511469278802113	0.514271773348746	0.720950798565441
DMP1	0.680302721454267	0.645726041242984	0.471541681427281
DMXL1	0.44394195000887	0.643834335054214	0.703653067746982
DMXL2	0.394936975614475	0.209745934805425	0.268256215014748
DNAJC15	0.775679605619642	0.935757405599919	0.630901922216084
DNAJC19	0.691091880197296	0.770373367427767	0.412452241485348
DPCR1	0.865884731193813	1.03308983224039	0.657261520829974
DRD3	0.396788487770226	0.811148287430618	0.719083786299675
DST	0.188495998286773	0.241231806571883	0.472554915101784
DUOX1	0.563609694574594	0.845919116294663	0.533851345205038
DUOX2	0.408440226498539	0.588291223121214	0.564536418349564
DUSP10	0.405993594914003	0.257449152801488	0.366175553024984
DYNC1LI1	0.3907219412818	0.440754188364031	0.35528549410242
DYNC1LI2	0.366908614199231	0.485478556267598	0.615583382720759
DYNLRB1	-2.41114488531599	-1.14161849993696	-1.31011477212212
DYNLRB2	0.639858933022106	0.979282538706486	0.960303335874777
DYNLT1	0.794279440870411	0.544519093893689	0.704992661576323
DYNLT3	1.09709308930829	0.89344535047603	0.784597998443203
DZIP1L	0.574849748945016	0.491261732966877	0.580903888535687
DZIP3	0.659336756093895	0.523068314197626	0.939191218919574
E2F3	-2.22197568075861	-1.82940213117721	-1.18053573633109
E2F4	0.56879060071811	0.293089499388905	0.413896959289559
EAF1	0.145970046810846	0.604238035341919	0.111580095954325
EAF2	0.799160870481285	0.715609731589865	1.05839135968318
EEFSEC	0.375267867094688	0.563420979740622	0.629937751583198
EFNB1	0.781866408841879	0.328457215855012	0.726436423372229
EFR3A	-0.393641529567819	0.145124437050747	0.280246071517999
EFR3B	0.37348632017505	0.171002951277798	0.437273349334819
EGFR	0.720572803853462	0.775977263584138	0.4722744375773
EIF3B	-1.55421505309816	-1.09664733371998	-1.70057863937777
EIF3J	-1.7517270662243	-1.27963097216227	-0.990589827302195
EIF3L	0.0613304714543947	0.329365846490069	0.305280448821971
EIF4A3	-0.933884286570294	-0.532172528222597	-0.807602603400601
ELL	-0.509426875725141	-0.678233862620395	-0.370586333870486
ELL2	0.461724664093742	0.573109435490727	0.206657353091037
ENOX1	0.638373172549953	0.602213874086372	0.630633594975052
ENOX2	0.512397556367081	0.68344121282724	0.678626162261339
EP300	1.4783624168095	0.8414760823676	0.793033264069719
EPC1	0.741251635032905	0.651268238745284	0.897080639036268
EPC2	0.759419825787296	0.791270193386	0.905374903345904
EPHA2	0.895349699383008	0.663343772665842	0.473915562774228
EPHA3	0.694570377622285	0.730908191852013	0.631198468825624
EPS15	-0.271553834866303	-0.00857233893252466	0.0549371932451672
EPS15L1	0.34788220055925	0.335668606573071	0.319955040185189
ERBB3	0.370902293875778	0.442352585304836	0.347354385347089
ERC1	0.874684984057046	0.791305614251156	0.604107965843087
ERC2	0.680281914379864	0.832234522227999	0.573658927178358
ERH	0.223739734634569	0.446614257957014	0.391095613430875
ERN1	0.457338631751171	0.203108404565447	0.264121420210037
ERN2	0.723236088484043	0.718177320848462	0.744156674626421
ERO1A	0.860356804784279	0.631997152139877	1.10792048034448
ERO1B	0.464790184514136	0.233004810941069	0.350171278201184
ESRP1	0.190552321091313	0.104909754226772	-0.416290009814677
ESRP2	0.300367164881855	0.671620349141616	0.371186987168562
EXOC6	0.580812743268961	0.717134636961963	0.338143848054947
EXOC6B	0.560799563702042	0.475455577400421	0.52789333979772
EZH1	0.587675698943987	0.365810387409598	0.456722054664474
EZH2	0.986781047958778	1.29340811319126	0.932169776013527
FAM126A	0.678201220342593	0.566185818323935	0.709083271979641
FAM126B	0.935187417059769	0.907569078749473	0.745495059079856
FAM50A	0.750434574580162	0.354582092413617	0.615552240420661
FAM50B	1.1279207422296	1.16969985499132	0.891136990037538
FAM71A	0.372985569279163	0.574714983033088	-0.141443044798558
FAM71B	0.784194021485839	0.982633503521468	0.738613617925409
FANCF	0.00104941689200466	0.227155509360678	-0.0430008878740926
FANCM	-0.910943180141904	-0.550512868582654	-0.781523219362799
FARS2	-0.269945684024507	0.228024252581919	-0.0237065780008207
FBLN1	0.63820602654186	0.472527275857699	0.617374092852047
FCRL3	0.906437020979128	0.626213812318776	0.994807830282976
FDPS	-1.36356231773893	-1.08515561845885	-0.608478633161718
FEZ1	0.7268338973195	0.963047419195015	0.656106259820638
FEZ2	0.859690737991065	0.737482578459509	0.638064984748928
FKBP10	0.583860936632487	0.682007903371334	0.270942050589544
FKBP4	0.455030260129402	0.423750781296793	0.435414572847928
FKBP5	0.622593647790818	0.37139648928431	0.734452748997012
FKBP9	0.493420055798549	0.454733135698227	0.492886500704622
FLNB	0.64089144230247	0.553391540825198	0.921838069263502
FLNC	0.520743951267742	0.346642220404192	0.404710290186652
FLOT1	0.893178777093162	0.596260932011631	0.537233237681326
FLOT2	0.289188730981294	0.163105362739941	0.293529851196208
FLT1	0.602936942323864	0.800623792577752	0.68096585432733
FMR1	0.874194562950135	0.722302114539938	0.548741760504614
FNIP1	0.424778904259446	0.52900689408293	0.780055212689846
FNIP2	0.272529541691051	0.520651777778144	0.393526480849716
FOSL1	0.401860784019094	0.484266836216397	0.482165137769659
FOXA1	0.671176805545211	0.605250785112224	0.579276303452802
FOXB1	0.472098669879643	0.827619524265163	0.290931827140783
FOXE3	0.524782928090627	0.819432239067928	0.733600996637858
FOXK1	0.388625382938219	0.647481702296654	0.564361009456965
FOXK2	-0.297111071805751	-0.182515485253053	-0.165911936586078
FRS2	0.837639813909824	0.695327542446684	0.650987271222026
FRS3	0.255551705497558	0.361658812566811	0.298380939384646
FRY	1.03977862299884	0.729112882614021	0.807324374532356
FRYL	0.607957399151191	0.484588331534138	0.497634373891065
FSD1	0.575604638135279	0.390159573589106	0.712602519692198
FSD1L	0.72257042403734	0.69063611580045	0.520358127403411
FUT5	0.513362657280892	0.438510250579866	0.518404486570313
FXR1	0.612101102208777	0.693277260190051	0.524538171314542
FXR2	0.574924519257413	0.614346194917133	0.638131023867934
FZD8	0.627104770800963	0.786355936202037	0.509621063775319
FZR1	0.176111090377304	0.268418737660519	0.239543942587655
G3BP1	0.181436338447297	0.476363126821063	0.45971915047035
G3BP2	1.16725673825376	0.678416047891686	0.379181985909297
G6PC	0.899717102795008	0.621978276740872	0.789146944560137
GABPB1	0.0263544441271647	0.492930111045265	0.411836946462851
GABPB2	0.323720099079816	0.126591802904187	0.358560186108461
GALNT2	0.704233354512402	0.50922080735629	0.500698816835227
GALNT5	0.515192280298957	0.425773337485143	0.303875563864049
GALR3	0.667920824475983	0.512195353940091	0.220933876305225
GAPDH	-1.14278271142481	-0.714876708168184	-0.333671849519563
GATAD2A	0.358291066086117	0.209623060178723	0.202943935973938
GBP3	0.699477292288366	0.751636843651813	0.761385714484582
GBX1	0.629844103104664	0.50553179317743	0.50105518619798
GBX2	0.40398538678883	0.454064446551357	0.496393998024245
GCM2	0.227506862373547	0.544551425227726	0.187591088505823
GDF15	0.683141832668209	0.828208162325678	0.916475713712477
GDI1	0.998798277217031	0.566891632757762	0.730623714573681
GDI2	-0.131092970295998	0.236245324577416	0.110773214343291
GFM1	-0.10743877410089	0.0749633179458353	0.133958761581159
GIT1	0.872362027108688	0.731728841457664	0.885088868367999
GIT2	0.511605879154731	0.140534212203178	0.419321704083784
GJA8	0.266934023499561	0.0649883375182103	0.398152417693345
GLIS3	0.642473672941982	0.724706132517727	0.662766524678249
GLT6D1	0.803947922022564	0.373054243989078	0.636588020894003
GMPR	0.560746177989321	0.0550816601028688	0.604591554335595
GMPR2	0.424981462858731	0.323186548609601	0.448305394569939
GNB3	0.521561020392371	0.507244065361265	0.507013846636067
GOLPH3	0.397283422474569	0.490739960271267	0.104248131930598
GOLPH3L	0.335457562761112	0.45289311545917	0.756701492882827
GOLT1A	0.857968427407156	0.581148388730412	0.745482397408793
GOLT1B	0.592969383437344	0.63487466747528	0.441270193134951
GPR151	0.963954324646845	0.996873096333426	0.721975634555493
GPR183	0.828978453601916	0.914119265672194	0.879620528977432
GPR50	1.11016465124453	1.00263004868204	0.72870476412821
GPSM1	0.497562298283455	0.708877247704688	0.589836026569142
GPSM2	0.899906098333877	0.580749309456738	0.842367910678987
GRHL2	0.0386473574207455	0.544597011774757	0.449867907764453
GRHL3	0.490848461232874	0.543707551729693	0.625132286778531
GRIP1	0.326555555763629	0.569178527580827	0.580993772449061
GRIP2	0.753738737072329	0.621566063322521	0.663163787050696
GRM4	0.705667441851183	0.591834525271539	0.477959331186326
GSDMD	-0.200676643399339	-0.263954876383715	0.184600659434667
GSTP1	0.30046417097317	0.511516384263217	0.200128668982873
GSX1	0.574639792858357	0.493276779007321	0.320670197486201
GSX2	0.710254099235814	0.862544476771541	0.534655514922588
GTF3C1	-0.975689643164867	-0.831924820644571	-0.585078089163516
GXYLT1	0.446012114129938	0.539878049664676	0.830880589490047
GXYLT2	0.63713099328062	0.454822753853308	0.264627882753158
GYS1	0.667501927938122	0.467576273511222	0.80578035932815
GYS2	0.461369063384662	0.460051823502417	0.75212509139512
H1FOO	0.459834087790019	0.737441316762928	0.68286430188463
H2AFX	0.288145803281659	0.187120261559653	0.252873726200089
H2BFM	0.65700066080839	0.653207817745895	0.683463586386992
HACD1	0.520778056523342	0.541458537932729	0.740347202675433
HACD2	0.376466972293118	0.454161969203457	0.405560980038443
HASPIN	-0.00375828702512631	0.00108520256742985	-0.256872758743476
HEATR5A	0.133271479576623	0.376028892373652	0.360659672520269
HEATR5B	0.701427070902354	0.776314860838693	0.830584231359869
HMG20B	0.515844796835662	0.489312478142427	0.0996678391471262
HMGCL	1.01734576785159	0.952486840601121	0.832290537066273
HMGCLL1	0.56112478018784	0.374397188179702	0.845827121886894
HMGCS1	-1.9777915698583	-0.762651094279569	-0.919115085165171
HMGCS2	0.596456752205537	0.49447373868487	0.397256216769448
HMSD	0.66260507046739	0.680305884198081	0.404379915753688
HNRNPF	0.0138326916680484	0.0181778561975273	-0.356479048134218
HNRNPH1	-0.423358719071569	-0.0115551439273098	-0.397025836202744
HNRNPH3	0.36385135156434	0.381130911377709	0.570009607340348
HNRNPK	-0.613281582251475	0.199233529876357	-0.119962745834484
HOXB1	0.305732566987579	0.63324340701669	0.485165854763335
HPS1	1.06032603035747	0.740039480559781	0.789138516615827
HRAS	0.39518184603314	0.172171759982528	0.455003490788466
HRH1	0.66431612429723	0.807917123740939	0.586131298868576
HRH3	0.590989790336232	1.14663090233254	0.191258570579381
HSCB	-2.3535240828153	-1.36093589042177	-1.254091178934
HTR2C	0.956355481327689	0.77976558182394	1.02125080024962
HTR3D	1.00105987866304	0.911410175881271	0.879542169106829
HTR3E	0.407505477343541	0.397920508789413	0.410714428682544
HUS1	-1.53691696205683	-0.855116468932999	-1.04850295101346
HUS1B	0.75798847350316	0.488909864363489	0.538143807881158
IAPP	0.893182449081536	0.863144956884321	0.601216023767439
ICK	0.388081958124339	0.621664778472569	0.372013138827625
IDH1	0.705026235028896	0.459525757855038	0.784278909472573
IDH2	0.328360731080554	0.521409418021825	0.421118471246432
IDH3B	0.534698393759938	0.775712486920923	0.559054214089356
IDH3G	0.901039171003872	0.746191127822013	1.04742537535288
IFIH1	0.632496365961596	0.37700700881511	0.323520572504202
IKBKB	0.701101183061511	0.441738336952016	0.533583482368555
IKBKE	0.220775211644843	0.574155219546347	0.483775755258331
IL10RA	0.788568301850153	0.832384041203495	0.359298816432999
IL6R	0.438009501921963	0.394490727155806	0.251830858486466
IL6ST	0.578886617570923	0.733964149323039	0.621459744021989
ILF3	-0.63286774954008	-0.611525305623342	-0.579190830315002
IMPDH1	0.19815639338442	0.336946560814639	0.344710836003802
IMPDH2	0.160570513222341	0.358712121636058	0.179653545200476
INCENP	0.0698585553610006	0.221528361860151	-0.0103604975696338
INTS2	-0.967222963939137	-0.851695364163829	-0.83733027358176
INTS6	-4.58028375643191	-2.77395554721909	-2.38280570231428
INTS6L	0.762144786915002	0.52023512326234	0.453490295021639
IPO5	-0.0849685103003102	-0.212615191579336	-0.0231157043650678
IPO7	-0.675965434685985	-0.363733145973832	-0.15602415839033
IPO8	0.904504425504965	0.532024286820824	0.497992719946079
IQCA1	0.415284901870203	0.382786707765323	0.718713956548652
IQCA1L	0.427702632184559	0.724298933878412	0.478094571110543
IRF4	0.149320969625867	0.579130214644326	0.498820948610467
IRF6	0.303298130718135	0.234511583535887	0.443438674007101
IRF8	0.685514066117942	0.560833862991613	0.627588582325355
ISCA2	-1.51406326257949	-1.00907407587943	-1.27267246157828
ISL1	0.574054878614399	0.776464875058309	0.816307968062353
ITGB1BP2	0.877341819738168	0.693664873259102	0.699351479317172
ITSN1	0.366017529666882	0.554461594989562	0.496015769053417
ITSN2	0.524943996196568	0.624576329521559	0.71073520992999
JAG1	0.716713676940457	0.588722441983897	0.683019932363446
JAG2	0.664991279287274	0.579588425924426	0.814781930134759
JUP	0.793607203810573	0.952872947119841	0.58359241065351
KAT6A	-0.0774984400242679	0.0224600510894295	0.0656669119667399
KAT6B	0.578442273289355	0.61477394104708	0.796592401086452
KCNG4	0.536551961228863	1.12069127296659	0.279674499989349
KCNMB3	0.866474420900745	0.733021801711047	0.696739712123802
KCNT1	0.572992642107559	0.654043354678194	0.665254645368345
KCNT2	0.399083290618469	0.202159247491398	0.339999809266661
KHSRP	0.99535501373849	0.954045633101238	0.891889170255349
KIAA0319	0.691233115146773	0.554295901737157	0.600370931961826
KIAA0319L	0.414597886562384	0.61059580851531	0.257950875057824
KIF11	-2.49531552976382	-1.03342069515427	-1.0540207434888
KIF20A	0.124754709249072	-0.0251536953451207	0.0436313783398713
KIF4A	-0.23834853835213	-0.0948606286496319	-0.0199591835083986
KIT	0.753146949246586	0.609347853311109	0.684916914009206
KLF4	0.402228674680527	0.420692030511588	0.208445973911327
KLF5	1.08165889797155	0.96614274576167	1.02168801899532
KLK12	0.998475041173906	0.542743132828479	0.374455401627613
KPNA2	0.276636291086892	0.57046328312378	0.258741119515076
KPNA3	0.586970940721029	0.624954351463003	0.688351832201014
KRT25	0.480619515256777	0.573202407441472	0.76092981423328
KRT37	0.797824370472005	0.985793489467647	0.520553305908574
KRT38	0.86340803940706	1.06501932270047	0.652885232390056
KRT74	0.758520904923605	0.698251478313651	0.440800872295882
KRTAP1-1	0.844114881650637	0.665525333119222	1.01988957549176
KRTAP10-10	0.53841103800069	0.687726158446759	0.135641537304796
L3MBTL2	0.550396120011789	0.638658947841443	0.705847030966167
LARP1	0.227206813484854	0.275055239656735	0.783894082810055
LARP1B	0.464535205486734	0.629136431791782	0.701489747617386
LATS1	0.845835184377949	0.872329238509698	0.93411100197529
LATS2	0.65500155595529	0.586502803925838	0.498133841689775
LBX1	0.557018154164651	0.57863821104724	0.569318301000985
LDB1	0.214692619423808	0.235228848419882	0.418208218765559
LDB2	0.746152348028776	0.928037850139691	0.797915566692343
LGALS9	0.625869655747689	0.362935947650785	0.580059825790224
LHFPL5	0.869875397496255	0.737563974561975	0.832762103585733
LIF	0.559034392574383	0.740544490953746	0.482974038937661
LIM2	0.729778071405539	0.599055344876233	0.528482050006176
LIMK1	0.548246070968541	0.518082225882184	0.196215407749868
LIMK2	0.715151427473566	0.871946456491133	0.721313256299885
LIN28A	0.328757755135823	0.594429348541008	0.473291208023982
LIN28B	0.823253684642294	0.862373259268785	0.738744095173164
LMBR1	0.650058066594251	0.479717235065515	0.407460031376363
LMBR1L	0.901032200035453	0.576488732707062	0.811478750009972
LNX1	0.407088128147499	0.938939549361364	0.521741247227885
LNX2	0.632947820355286	0.8548424040253	0.778912003954847
LONP1	-0.891980515636894	-0.632930416279719	-1.04775610254818
LOR	0.63427022858134	0.150268987201272	0.309232985235394
LRBA	0.692968368061815	0.395263026575206	0.606469528716819
LRFN1	0.820984240239405	0.719712799647221	0.843388941054845
LSM14A	0.378168351162485	0.787857896740417	0.444576809363771
LSM14B	0.351329169806538	0.426265561199913	0.258574677443219
LSM4	-0.309684217684131	0.0648781521068452	-0.01580600228042
MACF1	0.76521446650949	0.706656479845419	0.715684659957015
MAK	0.682682941995795	0.590263645410924	0.656998620847341
MANF	-0.540452173897	-0.030881640792363	-0.192195805422891
MAP4K4	0.989322444494694	0.777650531204768	1.13571095951291
MAPK8IP3	0.562135409974023	0.345890378968065	0.571255220275673
MARCKS	1.04244140580134	0.765431287945118	0.656358865835739
MAT1A	0.734234907608182	0.514009945673487	0.580708117355115
MAT2A	-1.00309157501039	-0.275826225852561	-0.32080356182276
MBD3L1	0.768879006218592	0.54666356378504	0.288735948189395
MBD4	0.577943964868912	0.67131222155299	0.468058106038824
MBP	0.577815536175591	0.520359530657417	0.250799620474404
MBTD1	0.0885361265179084	0.114601252358453	0.0739657265879422
MCPH1	-0.105980931538698	0.167768762366436	0.134517092358653
MDM4	-0.909608928267407	-0.443973704666568	-0.173843111471345
MECOM	0.741113840819911	0.807826773154216	0.498165257471405
MECP2	0.811417951114315	0.600764449792107	1.15218212653746
MED12	-0.867774829109087	-0.67612600770633	-0.978406047040274
MED12L	0.691379480986942	0.547451240097855	0.429885599436631
MED13	0.0915314344019991	0.22227560300179	0.431321258805412
MED13L	-0.56648857888296	-0.361309470450803	-0.55591673873328
MED18	-0.913427537907792	-0.454476535018284	-0.504974644257281
MED20	-0.926200339106104	-0.826324637887714	-0.262941188753952
MED23	-0.551398938466166	-0.164251569951403	-0.375183896086438
MED26	0.0815688935007304	0.301687071643894	0.533275044631282
MED31	0.195860403526738	0.38596047310938	0.316715777576377
MED8	0.172706945084036	0.143188141205834	0.309883998405592
MEP1B	0.687904061606805	0.416571470086887	0.541371474971311
MMD	0.144261105748605	0.436445284897272	0.374451359744446
MMD2	0.270616768553097	0.426736878186008	0.272016937487953
MOGAT2	0.69716662847452	0.549586024306319	0.769542294315871
MORF4L1	0.480254160246793	0.527046332837334	0.449300153315684
MORF4L2	-0.674034306150886	-0.34357509509761	-0.267994430226827
MPC1	0.34373498667262	0.893926755934178	0.829510570102135
MPC1L	0.988436228788858	0.747882590139191	0.852540117522173
MRGPRX2	0.67948121621496	0.790483341888022	0.166512911685062
MRPL27	-0.384279222258012	-0.125966504565113	-0.0308145757491315
MRPL38	-1.52283684888857	-0.775081187637562	-0.893066829992839
MRPL41	-2.37523997570579	-1.94979702879901	-1.43051673723437
MRPL55	0.141857545890069	0.275112863062748	0.313805553447723
MT2A	0.72553415431237	0.582109510670217	0.320537142014002
MTA1	0.434489965872794	0.358212730695366	0.225689661312658
MTA3	0.551817115855106	0.966011878449099	0.662345307958411
MTG2	-2.9747523486916	-1.31445841324099	-1.47492810700278
MTHFD1	-0.627476136769606	-0.201193984154742	-0.462508290182509
MTMR3	0.334718540593813	0.280704942797523	0.547401645978592
MTMR4	0.374920537652249	0.512251686690269	0.454743134688211
MTUS1	0.346507587911302	0.276273978487056	0.306379549766598
MTUS2	0.533038707402305	0.456577995926576	0.473435503623249
MTX1	0.342772222627274	0.286070278483591	0.119195998333575
MYBL2	0.0923333284671087	0.232617741204966	0.3923528889697
MYBPH	0.555434141741012	0.311321707295186	0.587370741752038
MYBPHL	0.43909649185319	0.59981265442029	0.641758629853138
MYC	-3.62770145156491	-2.91609870193435	-2.6663303986269
MYCN	0.820895412558623	0.623865951220831	0.573584641456594
MYD88	0.604946831636404	0.578876395302404	0.476951451434531
MYH7	0.374780773215352	0.436442101377189	0.345319710587794
MYL7	0.0199382895868922	0.252781698906908	0.350516233993098
NAA10	-1.58129052430843	-1.21279047746104	-0.921740413336006
NAA11	0.331178995251744	0.429939175266448	0.196615268909284
NAA15	-1.000178495778	-0.513640526014362	-0.752612209673628
NAA16	0.198311716663706	0.411755076099756	0.440750955889141
NAE1	-0.673833987548319	-0.186081470278824	0.0811008087245158
NAPA	0.360485292089745	0.268990015709145	0.280316543644599
NAPB	0.479673968607241	0.518378400365516	0.449732110222782
NAT8L	0.700633912724841	0.46334079682277	0.773424194301745
NBEA	0.6837605285858	0.501469001397961	0.572600531933878
NBEAL1	0.583558596613673	0.858150913118533	0.639574227539806
NBEAL2	0.573858712713925	0.705798339591553	0.445096148438679
NCBP2	-0.644750796894234	-0.785968121623404	-0.499258539918878
NCBP2L	0.690270414827061	0.843830538005155	0.823617448641392
NCK1	0.7142288943755	0.725952818121971	0.75840966084537
NCK2	0.536638275705077	0.574993532281374	0.687616103786112
NCKAP1	0.245839405369687	0.166619484346329	0.445582589173032
NCKAP1L	0.400592809889696	0.386936939253278	0.593798374308756
NCOR2	0.416476934341735	0.232549221091844	0.25416505848267
NDE1	0.376827313424888	0.336916756337362	0.445718324935921
NDEL1	0.63216433064179	0.792307409900221	0.904704651772345
NDUFB4	-1.35152588582576	-0.829227417380209	-1.31097032469853
NDUFC1	-0.626448766325101	-0.724380678775308	-0.482755876676977
NET1	0.494888762418253	0.462645326583961	0.449907237485672
NETO1	0.806627652076225	0.866112005028484	0.882754551397875
NETO2	0.744902660039009	0.521348388430513	0.521074112154378
NHLRC1	0.480469566193536	0.705792714022159	0.623488034776328
NKAP	-0.879061696535689	-1.2730645898634	-0.841254436686179
NKAPL	0.633487366086886	0.705873031241992	0.580176606403959
NLRP8	0.911221527941547	0.595886066040918	0.318242886391119
NMT1	-0.0790278532265883	-0.00349354927925136	0.0627086626062579
NMT2	0.483189344565344	0.829972098463553	0.469509657689944
NOX3	0.810634408463179	0.204501918810417	0.496117073093255
NR2E1	0.879559718818239	1.13031506393238	0.743055757202267
NR5A1	0.502149243765038	0.420744852982802	0.408954455243856
NR5A2	0.684159897025981	0.74283776069901	0.778187912277744
NRBP1	0.50382168460909	0.371865068884899	0.694115333564648
NRBP2	-0.701802248318684	-0.40599276595942	-0.510413618768617
NSDHL	0.959528914482774	0.662742022021618	0.570711068115301
NSG1	0.467515585185625	0.419708568933896	0.438961971598258
NSG2	0.376703351531843	0.394412353949513	0.442826777499725
NUMB	0.704407471167924	0.530930342942041	0.784519516876082
NUMBL	0.66178573471155	0.783503917674117	0.415880748194313
NUTF2	-1.03876127541939	-0.149612693596909	0.0701501469046711
NXT1	-0.146576515275036	0.323057250991915	0.0593756827117481
NXT2	0.546074645002721	0.650419483854454	0.798347724782457
OGDHL	0.620926998456038	0.671444476788119	0.491868368835189
OSBPL6	0.699831034570211	0.52804079567327	0.611021783585204
OSMR	0.662408150896085	0.686508211072496	0.663499348420158
PACS1	0.839104416206651	0.643230411463053	0.676804257933026
PACS2	0.905193548606137	0.526726793655314	0.651424373889693
PAF1	-0.986318701909134	-1.05769452785844	-1.09572982015469
PAPSS1	0.525663690517615	0.619576579006499	0.639189354520596
PAPSS2	0.704949720729709	0.970026872944623	0.800956769474145
PAX4	0.0498331948588011	0.317321797873058	0.575299661163844
PCBD1	0.610900544655264	0.644540093936249	0.759359314614015
PCBD2	0.532193961198573	0.660573328984547	0.567598160615283
PCDH1	0.935807144500775	0.67435999601717	0.538288665884658
PCGF1	0.233562659132776	0.541030527203049	0.473070641941909
PDCD4	0.451090894967937	0.718823233267722	0.641991882536658
PDCD6IP	-2.06760426654641	-1.55793933514935	-1.71056093120707
PDGFC	0.439906790136208	0.606313767045478	0.500953632559508
PDGFD	0.637939563409112	0.340795257554021	0.695203800117807
PDLIM5	0.825708054329424	0.791428758671606	0.635095944266003
PDS5A	0.116418144090263	0.0487599025907709	-0.0456954365818514
PDS5B	0.248542899481122	0.258936485696797	0.101564289706571
PDX1	0.873090326733497	0.940791143945297	0.611573945947792
PEF1	0.156853700049258	0.500349607157233	0.231335616675011
PFAS	-0.0712462982875009	-0.0567687696872926	-0.094438425638486
PFN1	-0.249844416676643	0.059428738214098	0.0699511684053104
PGLS	0.413492991191303	0.479193404686402	0.617588758640614
PHLDA1	1.09991812669086	0.616101430237985	0.831120015539044
PHLDA2	0.376162809878072	0.00260421123362356	0.26175694548032
PHLDA3	0.368135530450408	0.197056954712355	0.388166719769184
PIP4P1	0.543290679956129	0.388206084513126	0.637300435245318
PIP4P2	-0.317381410654566	0.1506560252538	-0.0635917714416204
PKM	-0.161086156819519	0.074133149603362	0.343696847410054
PLAU	0.707168054614316	0.80166950499202	0.421439647918519
PLCG1	0.482657111615209	0.701463460954202	0.547127605993886
PLCG2	0.410328920275935	0.525425697369799	0.423066434965943
PLD1	0.675907445809333	0.714178050120934	0.702517631824811
PLD2	0.591962766027574	0.641523045584321	1.06059699621004
PLEK2	0.294082530332571	0.450165824260382	0.714913468832329
PLXDC1	0.579334305014548	0.580932299686485	0.721268558064295
PLXDC2	0.831786052128717	0.609975744478404	0.70554362492339
PMM1	0.222707036447259	1.02023983985573	0.257583945293122
PMM2	0.184776300570044	0.515731026861748	0.225650214706733
PMPCB	-0.224943728441566	-0.516867402817132	-0.395965500657651
POLD1	0.567831095494576	0.401285159431066	0.618814807007883
POLR2A	-0.3911823168366	-0.0192869066781716	0.246961655411149
POLR2B	-1.32150023853831	-0.728622619693953	-0.785749185926539
POLR2F	0.0612731080898133	0.0443838746603064	0.139780194353105
POLR2L	-4.07173586434314	-3.59083649974019	-3.23355861367326
POU4F2	0.606185631273112	0.512146528721584	0.14670394555367
POU5F2	0.616690010010934	0.631584826865752	0.630502868819785
PPP2CA	0.596060200942667	0.617891270044232	0.628641783800313
PPP2CB	0.334314314841107	0.0531245122090735	0.455726920109734
PPP2R1A	-0.389534052661107	-0.0046291161807589	0.226430355319229
PPP2R1B	0.829614487583392	0.483070221848078	0.545716839555891
PPP3CA	0.734526018009254	0.535770547137291	0.834561815981962
PPP3CC	0.161119278428147	-0.0111882444781736	0.00739502204871133
PPP3R1	1.15200085485456	0.884211214885498	0.830935498123998
PPP3R2	0.91336836821993	0.522500826668407	0.721194167572342
PPP4C	-2.41270769873457	-1.27679223063698	-1.25433219968186
PRDM13	0.778513376785718	0.516190101741203	0.75327184485845
PRDM16	0.555219733286094	0.54700078500562	0.504408784897903
PRG3	0.655166517825882	0.584425609170625	1.01916454135516
PRKAB1	0.234370720748605	0.233204899836115	-0.026801278147745
PRKAB2	0.518683901419495	0.308687571353285	0.462803551212081
PRKDC	0.21506105622395	0.206327513699154	0.0874890143811583
PRPF38A	-1.15417266871932	-0.359524013962892	-0.490484905941093
PRPF8	-2.57210633670612	-2.28183441332342	-1.79270279494965
PRSS37	0.611268145313863	0.305971613284605	0.23634919837344
PSEN1	0.455687550689098	0.475655411024409	0.57989022143369
PSEN2	1.1589526589985	0.859858204054104	0.769670980468281
PSMA2	-0.507791711951281	0.2450627771913	0.15808508528965
PSMB3	-1.64370516627509	-1.24284001360709	-1.26318756386354
PSMB6	-0.150054874656706	0.197983549763888	0.354136335637868
PSMB8	0.448702167275069	0.42974459222324	0.530947345043922
PSMB9	0.362555072917209	0.36995664684687	0.571913117511238
PSMC3	-0.809678189929313	-0.246515149224436	-0.45341361306198
PTCH1	0.609654211430075	0.462959896962818	0.587053893987222
PTCH2	0.803596458959666	0.666080427187271	0.727409175726282
PTF1A	0.784976151425521	0.38057488441543	0.378948141472237
PTPN11	0.206010344712661	0.275859425815489	0.232907881950425
PTPN14	0.73940019040489	0.736544996043063	0.535843606173434
PTPN21	0.433697251774007	0.520802645539204	0.704678205955235
PTPN6	0.584446118805859	0.638910693127454	0.40292975168232
PTTG1	-0.499472948178962	-0.023932980835861	-0.497585778756707
PUM1	0.473162779117454	0.248175048741589	0.300937806504853
PUM2	0.472552897897746	0.512984776792733	0.672554491364621
PXDN	0.76191827714019	0.497452306987676	0.611135000363997
PXDNL	0.783770446692709	0.740443013332365	0.799565449499938
QSOX1	0.100356736167527	-0.0611580009265928	0.0946242076078802
RAD17	0.406742702332543	0.401873258093463	0.690551253652389
RALGPS1	0.949110341343796	0.989877219721404	0.774231432104666
RALGPS2	-0.490782782855583	-0.293390340162022	0.103304331236425
RAMP2	0.238473836844567	0.63822217512644	0.635003798002473
RAN	-0.821075820443357	-0.608155806747624	-0.922620305079994
RANBP10	0.505773553269713	0.71987857337431	0.483004076470876
RANBP17	0.670036802823264	0.739062890062395	0.733012819466271
RANBP6	0.716842239169909	0.549080466568054	0.690861357971795
RANBP9	-0.083688737461168	0.221077582005027	0.366199841807247
RAP1GAP	0.477523408779017	0.63262723169962	0.580862835953886
RAP1GAP2	0.665130787063322	0.603637060052542	0.831846341396652
RB1	0.701399392958472	0.73223110500717	0.455483340416439
RBBP4	-1.01357586843251	-0.897513072415612	-0.845006062465479
RBBP7	0.107838946458152	0.463585928518808	0.157598319537939
RBM22	-0.779483094552273	-0.35251137151397	-0.352977960854368
RBMX	0.389145314386152	0.413090669798164	0.216346045515426
RBMXL2	0.536680772476269	0.605651024103416	0.846650851355124
RBPJ	0.621104065066772	0.576728291024136	0.330171904971526
RBPJL	0.438400567965851	0.435689369974443	0.430008486530448
RC3H1	1.29102459174863	1.31613766672454	1.35325114561581
RC3H2	0.978895519617717	0.749149441073376	0.77856931945238
RCBTB1	0.628028991356069	0.543189313273142	0.442203661507672
RCBTB2	0.76479931062942	0.765968907335277	0.82325032987262
RECK	0.403347790137964	0.452071859181162	0.614928735044505
REG3A	0.698480331895547	0.838958402786688	0.679979291359645
RFC2	-1.12722740180543	-0.368509085039008	-0.628788853743192
RGS19	0.461538836695798	0.309452701937253	0.552897544244622
RHBDF1	-0.0982132854840829	-0.329067794717559	-0.462957069282416
RHBDF2	0.263135267471752	0.332455504011336	0.369312263873068
RHOBTB2	-0.071018343700838	0.314501015622185	0.253517775082585
RHOT1	0.600929208276455	0.606157603644176	0.275697923395472
RHOT2	-0.537578733774263	-0.313318905955464	-0.126338365941268
RIC8A	-0.466713003091587	0.0233569524994292	-0.246373369506943
RIC8B	0.600791725738675	0.514071369682494	0.267680184655613
RIMKLB	0.494242769561338	0.437740258046017	0.36734476346981
RING1	0.361447501787482	0.27166009838727	0.404219957551544
RNF10	-0.0714445736456551	0.0845741096112958	0.0953201666020114
RNF103	0.687443260529943	0.507245407988882	0.611702753809629
RNF113A	-1.28681392269347	-0.94386787067141	-0.379798315949041
RNF113B	0.728948940759079	0.716137892633456	0.781039123684704
RNF125	0.328703825833148	0.573554385896551	0.703021544655271
RNF130	0.617914494049653	0.786664261581413	0.964176879017636
RNF144A	0.854566935096822	0.633537855911664	0.683870053384261
RNF144B	0.67897254581669	0.639096401147852	0.356108238735612
RNF2	0.707189188492418	0.227260527787391	0.419650959934855
RNF20	0.146691963154067	0.210495060924888	-0.134716270498221
RNF38	0.651827266636945	0.0857733188158152	0.485787981982744
RNF40	-0.566791368114694	-0.12939396998033	-0.270635355112964
RNF44	0.670567300142523	0.569389450363838	0.508098949194594
RP1	0.0246178381056896	-0.260710965686301	0.0011037338842528
RPA1	-1.01270888038285	-0.151711145705443	-0.366932427358649
RPA3	0.240379145128702	0.143083240717659	0.0852962009801155
RPL10A	-2.58082619073411	-1.72284556841168	-1.24414222343727
RPL11	-1.23184495114224	-0.733931437023257	-0.144087026964534
RPL13	-1.51612256818385	-0.970414672667362	-0.402463517336411
RPL14	-4.23227861513323	-1.66576332504982	-2.16503352221075
RPL15	-0.188117565213126	-0.167516362488057	0.249262401086535
RPL17	-1.94604192769786	-1.73035060401391	-1.6949199792657
RPL18A	-2.91495819604121	-2.58251456428031	-1.80225013875982
RPL19	-1.71134077980378	-2.12710443777052	-1.67337751036504
RPL21	0.365248745032821	0.187795858704807	0.154492463490815
RPL27A	0.0569162721202439	0.227042014126952	-0.221173174705876
RPL3	-0.816173185950066	-0.493572892708764	-0.403813662514193
RPL31	-1.20008560278925	-0.983029496727224	-0.976606380272067
RPL36	-2.6192318660717	-1.98042827779085	-1.52643667431436
RPL37A	-2.94082097620474	-1.79632656477905	-2.43244284081838
RPL3L	0.490406097572198	0.555213541899009	0.467746042158403
RPL5	-0.905129356954907	-0.221552075542763	-0.32499325745154
RPL6	0.0239118904365377	0.675867745170342	0.468144332275439
RPL8	-0.879480847481941	-0.491947605697642	-0.83334009357406
RPP14	0.460569811904614	0.538947903230423	0.621588193776152
RPP21	-3.50450080477218	-2.77867500722256	-3.40677685083039
RPRD1A	0.573183986717197	0.66566592287223	0.69337732661546
RPRD1B	-0.426073272957368	-0.329854937226115	-0.624562436798883
RPS11	-0.824939772696611	-0.477299697515944	-1.1806300691514
RPS15	-0.245632728190342	-0.583980207753921	0.140879188170169
RPS19	-2.40008703181106	-1.56322569625798	-1.11849780182996
RPS23	-1.46294829455265	-1.91912410564279	-1.55426761022076
RPS28	0.150971144059901	0.460211685843997	0.402517624478437
RPS3	-2.42541030395131	-1.50173458363039	-0.938993930515738
RPS5	-2.2617707202888	-1.56337980731288	-1.05363469521506
RPS7	0.66848686023676	0.39388273104485	0.0930887812012471
RPS8	-1.84609384362786	-1.35834191174862	-1.49714141148592
RRAGC	0.181461798896193	0.312618917275239	0.231776628876567
RRAGD	0.770295824441383	0.810377657493422	0.862930341768426
RRM1	-3.29316605729529	-2.51463757254765	-2.2161835356342
RRM2	-2.24326937876673	-2.50350950257485	-2.54361536372592
RRM2B	-0.241171929271595	0.0182599986780063	-0.0672468692270426
RSBN1	0.185810077926569	0.268350757480641	0.286720028929666
RSBN1L	-0.57912600776022	-0.155875251341331	-0.328974490111405
RSC1A1	0.81939757241444	0.739530287614046	0.776841978339292
RSPH1	0.560841158031012	0.661611952127646	0.577755651783892
RTP1	0.89995396607446	0.575885075169624	0.826233167454246
RUNX1	0.772964597601825	0.692442460977881	0.998734733937149
RXFP3	0.395161458090552	0.412037135384935	0.336121818114128
RYBP	0.450485780840037	0.669515878202974	0.733048916831063
S100A6	0.570443012340078	0.632583849091322	0.609073892089241
S1PR4	0.560346149292108	0.290407988459053	0.54836430923973
SAFB2	0.42060371919298	0.288394616207392	0.336712618530687
safe_control	0.68430902141203	0.743949163732383	0.690419704995046
SAMD4A	0.690750245292929	0.6494837737519	0.614578130014008
SAMD4B	0.196641637291641	0.224898630681235	0.420538114553077
SAMD9	0.215182759156064	0.189686503571446	0.581747461793452
SAP30	0.718021233161528	0.598628082191242	0.433582076006187
SAP30L	0.654351500483233	0.521389183042922	0.39258540253245
SAR1A	-0.532089470415968	-0.180551194074169	-0.0985564080995877
SAR1B	0.968421924583121	0.446489370129848	0.664417375058963
SATB1	0.635419864091927	0.799722606449271	0.653154285999772
SATB2	0.873208452410984	0.822530988489993	0.771485370848997
SBF1	0.755957217053582	0.775681314908534	0.457691103219859
SBF2	0.420993003892338	0.672209197670055	0.480598130509559
SBNO1	-1.24137753357003	-1.49144442943768	-0.788850630979544
SBNO2	0.624697811674284	0.895071922687538	0.713336219430334
SCN10A	0.872571499715899	0.643540624369407	0.825369673375077
SEC11A	0.694428348936437	0.866660537571003	0.345124658148108
SEC11C	0.472935362178259	0.646974360928048	0.422741125880954
SEC14L3	0.70482553991836	0.652006093034787	0.570153467102833
SEC23A	0.428380703410904	0.376241169764767	0.411983585026362
SEC23B	0.507640367709781	0.507911003312474	0.0890886852455375
SEC31A	0.40905838793407	0.339706980590123	0.500865043792812
SEC31B	0.597217037581168	0.475418825437818	0.399516780756913
SEPHS1	-0.550416502356746	-0.261418850351549	-0.381073321299366
SEPHS2	0.32358365306123	0.625001740004043	0.375916024358048
SERPINA11	0.670138590917753	0.698884913273866	0.603125611926153
SERPINA12	0.916493092591805	0.512293517475411	0.807794487901584
SERPINA9	0.733040183430906	0.760892560505272	0.950253559104439
SF1	-1.04563490308897	-0.438655714454863	-0.326995972029855
SF3A1	-2.16246423603848	-1.81913274009302	-1.674487583028
SF3B1	-1.66709013550987	-0.897471626006973	-1.17717886281262
SF3B2	-0.415750001485375	-0.248282338681805	-0.192866762255199
SF3B3	-2.12091808308943	-1.80724119946676	-1.4038616007726
SF3B5	-2.64098113355467	-1.77998702017829	-2.2001307614814
SFPQ	-0.809315385697364	-0.755414516173162	-0.811304494877435
SHCBP1L	0.132722323641733	0.636286490442575	0.512107493122164
SHMT1	0.683442965128338	0.808993681133201	0.58715458557271
SHMT2	0.283663330817481	0.369542558185672	0.247415576040829
SIK2	1.21771547895926	1.24032562608579	0.847162787570631
SIN3A	-0.511791019037787	-0.484435316065618	-0.440529507204394
SIN3B	-0.048268273772048	-0.0932982145275802	0.116901288754215
SIRPA	0.856311607240797	0.697545704044406	0.843418198537378
SIX6	0.71513680124485	0.513864572192272	0.642716757638854
SKA1	-0.160765535698866	0.0291161709319377	0.476960213876251
SLC10A2	0.663396534363809	0.338181874865749	0.590096480657675
SLC11A1	0.682538020898681	0.682882632618637	0.365647431053785
SLC11A2	-1.84853301650946	-0.891581956058422	-1.12018654735647
SLC17A2	0.628310676608195	0.474228105925502	0.999050625953902
SLC22A13	0.74714102836528	0.81678491588474	0.74648995397437
SLC22A8	0.519591728040148	0.496461489368794	0.653952168285858
SLC25A15	0.415972711890405	0.771734329761779	0.430374066520219
SLC25A2	0.613792119381339	0.456729287542311	1.08348835529782
SLC25A24	0.559604493269807	0.545983749400899	0.751844617844707
SLC25A25	0.173422055482124	0.375404488718438	0.0784820518376495
SLC25A28	0.639617715371753	0.422467818175502	0.257832206681073
SLC25A37	-0.892755999925167	-0.252681150458739	-0.426167359587355
SLC32A1	0.611237657285994	0.474336876800054	0.40578266873856
SLC35F3	0.615649209325294	0.518645255595202	0.478786592320058
SLC35F4	0.559847175685691	0.658834358893187	0.585314389937817
SLC9A3R1	0.503948721173082	0.244336429131991	0.438799031211227
SLC9A3R2	0.550016355186916	0.23669468435116	0.469611759018212
SLCO2B1	0.809200445699848	0.98274701410546	0.72936615442282
SLITRK1	0.641430663023185	0.536912470590322	0.35456651937144
SMAP1	0.592514054680849	0.624150302343034	0.430702248206087
SMAP2	0.551320707772108	0.817332972575898	0.738242462714036
SMARCA1	0.924026687779051	0.652180927575728	0.772538054141276
SMARCA2	0.504052587725704	0.393059836698939	0.28166710883789
SMARCA4	-1.04462914335903	-0.714818897306692	-0.513626454858714
SMARCC1	0.307354647665734	0.294460849679202	0.297463765346983
SMARCC2	0.547778704570172	0.392886801374733	0.525110703941371
SMC1A	-0.931538142376157	-0.295386449585963	-0.567415716104995
SMC1B	0.522278268521174	0.535408619270125	0.460199686407356
SNAPC4	-0.55480134784116	0.387141168570966	-0.154525799039759
SNRPB	-0.947714333642248	-0.370512062124358	-0.702642725811224
SNRPB2	-0.0501318565694004	0.367059659426972	0.760445188681733
SNRPD2	-1.81183647691818	-0.846654621470187	-0.734056557088574
SNRPD3	-1.67230098576033	-2.07716180955032	-2.03717594396321
SNRPN	0.636355973254393	0.567331444785227	0.440675500168541
SNTA1	0.445839106616494	0.648829477703756	0.712506105334851
SNX2	0.409084290677107	0.176471539236872	0.333415405995309
SNX6	0.144836446382741	0.325979296289106	0.128994142709993
SOAT1	0.271402790269573	0.213009740608217	0.408073003326137
SOD1	-0.490713903252812	-0.078513829269211	-0.0503833724344837
SOHLH1	0.770860706232825	0.667031947861156	0.785138889862149
SOS1	0.102495820588409	0.100974498057683	-0.0788786970107206
SOS2	0.540975406562766	0.566985877430856	0.618265577154117
SOX9	-0.376291745979418	-0.0654964075464573	-0.216076573492369
SP110	0.63452117483583	0.888750983506789	0.814648988521345
SPAG9	-0.684368378961138	-0.598886240526465	-0.205804765981643
SPATA16	0.151995653757654	0.82207501226449	0.594112682855703
SPATA21	0.799177832112792	0.304987223211683	0.41786947475255
SPDEF	0.340326403759914	0.582839492000817	0.494025635798006
SPHKAP	0.841582916270047	0.713228776953589	0.776428491651064
SPOP	0.661922294602342	0.717503335801542	0.716916428380993
SPOPL	0.542467950039757	0.819480112791271	0.894181465843019
SPTA1	0.553243529536556	0.901071643903569	0.591988097475963
SPTAN1	0.284767664904725	0.412205472614035	0.251999755161737
SPTLC2	0.1532795981214	0.120935923790625	0.147588468311327
SPTLC3	0.625927301277203	0.502323942293686	0.625026039051843
SRI	0.410966268687729	0.646844143348159	0.203214371739453
SS18	0.452252528119555	0.322938445811217	0.292640154603346
SS18L1	0.921568569437427	0.694685923119363	0.669653224217635
STAM	0.454851541119055	0.424523347438402	0.686139199716522
STAM2	0.551830012507674	0.937145887568186	0.718451674400559
STRADA	0.2037490760162	0.113050905580373	0.306369825368217
STRIP1	0.543167864075147	0.501484162773357	0.282549503721696
STRIP2	0.67259035677076	0.732255763912518	0.494522619637725
STT3A	0.682289338391508	0.46993098509021	0.482110886916263
STT3B	0.258863934546453	0.0252653897569685	0.258518246681507
STX12	0.558720156002027	0.450081726359093	0.569838303051607
STX17	0.432978201516293	0.644131797176263	0.518375036397957
STX4	0.521936903857583	0.567062728745469	0.463078283171458
STX7	0.427953912639201	0.67942519264497	0.816905146702105
SUSD1	0.648767653298542	0.962283844904874	0.644091293407721
SUV39H1	0.896175944749348	0.739628586394648	0.76650189251274
SUV39H2	0.738758569137153	0.890251696062187	0.839367365612441
SYK	0.821622340712348	0.833208177261231	0.477067198316276
TACC3	0.128721121049551	0.179806445282122	0.308487089139882
TAF1	0.290730986621165	0.435661561778993	0.377114289827746
TAF1L	0.852834738892743	0.882448785125537	1.09859950386026
TAF9	0.869938865642456	0.750726541309773	0.687986123339723
TAF9B	0.589300406024212	0.589278567604417	0.763929109924107
TAMM41	-0.40387585913081	-0.00688378230158175	-0.149348017825516
TANC1	0.688522085157704	0.368211721056367	0.328477360274183
TANC2	0.572438400307477	0.566911259489813	0.464008358443252
TANK	0.638315931209749	0.491507866900552	0.337835866560289
TAP1	0.816615860065939	0.688492395395725	0.520987062638639
TAS1R2	0.92149706216328	0.609946027384168	0.793828060120762
TBC1D1	0.573527286246102	0.705270145441482	0.48216599695979
TBC1D26	0.627592280299239	0.945495994673272	0.921041477213037
TBC1D28	0.165483393020887	0.00819895649546029	-0.0390720475005659
TBC1D4	1.05752604230546	1.01006476554021	0.581329874260108
TBC1D9	0.600832849695828	0.411531431913711	0.407246592732445
TBK1	0.743664610122868	0.534133832322793	0.521094792867894
TBP	-0.50595596072893	-0.192234578705737	-0.0273827504586603
TBPL2	0.376461126490535	0.544199561669365	0.239438861549151
TBR1	0.681610424385165	1.04794462358295	0.855545082118879
TCERG1	0.142338151817953	0.190419494463785	-0.109542525630988
TCF12	0.747635009992721	0.525338244625471	0.751057098432245
TCF3	0.528183168450273	0.376377771647564	0.385200133549142
TCF4	0.612902681071397	0.492370878181421	0.644084709908482
TEX45	0.704249241394381	0.992970638693787	0.505218869855055
TFDP3	0.720766200773585	0.661665451992616	0.724915066792654
TGFBR2	0.391436742575112	0.646993088007552	0.510705550454299
TGM6	0.423882696168193	0.519065432391562	0.814490826204754
THRAP3	-0.353078920582837	-0.451213743031283	-0.231340130965076
TIMM10	-1.60320744204331	-0.595403650700585	-1.10825800414769
TIMM23	-0.138853825867707	0.329003685208169	0.212890479651959
TIMM23B	0.672630236706141	0.52473789013061	0.553880955257681
TIMP2	0.271550398204945	0.415782744050521	0.408061066551747
TIRAP	0.677386410733129	0.879236933452097	0.704661492652147
TLN1	0.478145848979169	0.595790822347616	0.364453510509082
TLN2	0.709762428415055	0.677021673661885	0.922699138270871
TMEM120A	0.304300443991816	0.308737772752606	0.422909662035857
TMEM120B	0.669010709692325	0.853181511945167	0.621282712138733
TMEM185A	0.983992422615305	0.6959554926261	0.745650474774216
TMEM185B	0.743890425484297	0.535685870396351	0.483481954256041
TMEM30A	0.175638400349964	0.271101934873072	0.430194214653027
TMEM30B	0.636817243568386	0.61116151781229	0.630791829297984
TMEM9	0.495783143016735	0.782697851399086	0.913620403564213
TMEM9B	0.544197860969651	0.60844419293109	0.344678374569936
TNKS	0.511932124093091	0.376587182537563	-0.311384734865946
TNKS2	0.889050215685155	0.646635179308555	0.81708187453995
TNPO1	-1.35965675776618	-0.514881935572283	-0.728510176087012
TNPO2	0.475027969466513	0.240267526967159	0.213236642588022
TNR	0.328747956959424	0.251501623841649	0.306508355775062
TOB1	0.584936097601476	0.257044102934406	0.360721098479513
TOB2	0.433685237459489	0.443376763593247	0.935837731845736
TOMM20	0.858308687695965	0.890660992874588	0.830257381632948
TOMM20L	0.463294462431034	0.558199510571616	0.268779277478886
TOMM22	-1.43842104044368	-1.01498655507479	-0.421687305913042
TOMM40	-1.12747941628836	-0.524517727675879	-0.0947265573372566
TOMM40L	0.381975090922261	0.512536856879712	0.358402436505896
TOP1	-1.31042253506465	-0.117233416627688	-0.395219419346055
TOP1MT	-0.462953717935157	-0.331150715840629	-0.510376347639905
TOP2A	-1.0215871565023	-0.395117739832017	-0.563745937595716
TOP2B	0.506672663895047	0.531018667384121	0.336580930463619
TP53	1.3126127787117	1.02960556293241	1.16671523341466
TPBG	0.409276867723647	0.596310049754541	0.658671223968354
TPBGL	0.596126033789747	0.45875958790124	0.605141816755124
TPRX1	0.818754612861897	0.512016422515307	0.943288781934208
TPST1	0.642510693035508	0.674088229287272	0.456298758577445
TPST2	0.299527315259337	0.636069375402059	0.339824183827308
TRAPPC3	-0.923333515035579	-0.648286533604714	-0.387086206165176
TRAPPC3L	0.558872607532275	0.325911240242526	0.710308415800781
TREM2	0.492480395071801	0.145608973933739	0.413031899263876
TREML4	0.574441559193001	0.50999843068556	0.435668120705147
TRIM25	0.601853251044778	0.901391538592342	0.564324882018531
TRPC5	0.479207497413832	0.624902642855304	0.496885066444064
TRPC7	0.907683933638955	0.824370223354668	0.566648655260261
TRPM1	0.447645312849045	0.22852082639912	0.664187399616553
TRRAP	-1.24122503712219	-1.05709932653531	-0.315928089808853
TSG101	-1.25791264206851	-0.381731330626162	-0.505153683667266
TSPO2	0.69093207474043	0.643752568402488	0.441261316017454
TSTD1	0.452609721331668	0.328879320186837	0.341343157619988
TTC23	0.729763398854663	0.545514282952407	0.833521530106214
TTC7A	0.725786371300509	0.679687251282008	0.593204272439705
TTC7B	0.600527876703223	0.445602449524353	0.797857230185954
TUBB	-1.05563242353792	-0.69022904785702	-0.682306418834561
TUBB2A	0.458151578020656	0.419807724138548	0.194787238565543
TUBB2B	0.487829696543811	0.281879612085955	0.49133530640427
TUBB4B	0.409648554171402	0.494226510254947	0.418986105110226
TUFM	-1.57085929017982	-1.68452294473634	-1.88770681092494
TXNDC8	0.831150363323072	0.778817963912763	0.982892988332297
TYMS	-0.19820090515893	0.07152242266628	0.0837306609210131
TYROBP	0.831137350035805	0.823133425146634	0.552862226885781
UAP1	0.595237746723652	0.627061473021407	0.618299672704321
UAP1L1	0.577908031797965	0.600796307435434	0.434588985724804
UBASH3B	0.888059936502727	0.769464534162097	0.516917471835967
UBQLN3	0.924786847163652	0.634821079716414	0.68991631672088
UCHL5	-0.196721706144122	-0.044100382800596	0.0813332399992592
ULK1	0.246880771362068	-0.0118769269395737	0.224809166127996
ULK2	0.761888877290722	0.769125798948438	0.866424276043567
UMPS	0.728469698766056	0.632096010016704	0.536085337486876
UNC119	0.243933232801263	0.194986913983289	0.292125276663327
UNC119B	0.367553280815249	0.468686823346999	0.25629338646857
UNC45A	0.0542515706790849	-0.0885079765806367	-0.0157428053242135
UNC45B	0.381921213773841	0.545030101225471	0.597996477722506
UQCRC1	-1.33801059737506	-1.43686978589597	-1.01989110780242
USP13	0.790687880560747	0.673243997897341	0.585930043467437
USP5	0.340886456082786	0.235088252544262	0.602499926745316
UTP14A	-0.668963625731866	-0.238683920330749	-0.164748364159827
UTP14C	0.0455363397470695	0.197025871245757	0.250696929408495
UTRN	0.84047560144567	0.387140093895963	0.742717090052177
VANGL1	0.662352318340646	0.615718123556398	0.703561743860824
VANGL2	-0.0343317089476192	-0.0985049963987316	0.361891298089825
VCP	-1.03496502539803	-0.270215818376591	-0.294366029602804
VIM	0.4731773065109	0.631387848836477	0.75679027451853
VMP1	-1.49878898640646	-0.61169503155218	-0.977370195409493
VPS26A	0.130487154902635	0.299964383679829	0.378019490902928
VPS26B	0.80626497467978	0.599208133531771	0.826314446132559
VPS37A	-0.546102746804357	-0.0748301434879032	-0.212094683908044
VRTN	0.611377959149309	0.483701996986987	0.638278501769152
WAS	0.621326034510355	0.674819936613139	0.488068376630647
WASL	-0.147263534515216	0.156352899921104	0.163594389829313
WDR12	-0.937423970607496	-0.589309638102881	-0.466256539105863
WRN	-0.210785647365719	0.239882027030804	0.290262026878506
XAB2	-0.995711337314076	-0.237819549706507	-0.367298175304367
XDH	0.605341914015577	0.826489535781294	0.768083452051734
XPO7	0.694327034603307	0.137207957431449	0.500336313834865
XPR1	0.0828312776689434	0.293782096829504	0.312998594115246
XRCC4	-0.181171088398809	0.140752875945337	0.304822968601764
XRCC6	-1.00371303617609	-0.801223431824447	-0.844027365460578
XYLT1	0.721821831548143	0.771164762912358	0.627166141906833
XYLT2	0.313867869221155	0.319855892173992	0.233755882741486
YAF2	0.442652900701843	0.529652756090886	0.188517426226284
YBX3	1.05538809896525	0.599564115898026	0.630256416332004
YIF1A	0.102013196390612	0.281649383146687	0.214309794159001
YIF1B	0.853113545557242	0.534013179044503	0.937004420768804
YIPF5	0.290664722844631	0.270641496960439	0.154637487673945
YIPF7	0.445428263817602	0.561118988950741	0.568276797231845
ZAP70	0.785943068600994	0.983133605204484	0.687594029165593
ZDHHC13	0.612801156449906	0.816608962387859	0.450116177053599
ZDHHC17	0.897277076309325	0.55513287192477	0.522690712043186
ZEB1	0.403728254651784	0.715629610944849	0.448512316893454
ZFYVE19	0.685413155656036	0.796720129223198	0.634901547628659
ZG16	0.525988598130429	0.247026786029542	0.632930807611863
ZIC3	0.669386711532375	0.573178785649859	0.542638792807727
ZMAT2	0.10929100120069	0.388118661322618	0.431518163203605
ZMIZ1	0.0795983684799942	0.26189588392989	0.254575334167723
ZMIZ2	0.116271900196044	0.0213979116299118	0.298557307250221
ZNF146	0.709399198077086	1.02054525110709	0.805788137798095
ZNF185	0.426676753197017	0.720091892138038	0.372115633404427
ZNF260	0.617225196228897	0.680117445434537	0.794186549007252
ZNF284	0.69041633023138	0.981653777202467	0.728816723861569
ZNF34	-0.417651907742476	0.232233910091389	-0.235291411650311
ZNF407	-1.8344037833586	-1.37788851261014	-1.19480124966429
ZNF418	0.654373492583325	0.853699086856177	0.73469120438508
ZNF423	0.645791833519142	0.428484830074236	0.753576265689498
ZNF521	0.907047093122784	0.710950728719228	0.615122835306943
ZNF804B	0.331137370989383	0.188691498279574	0.15467882810054
ZNRF4	0.495759889998164	0.438368225558602	0.533233234125872
ZWILCH	0.254340367976231	0.661582334202203	0.501626659518963
